GroupAcc,GroupDon,wHB,cHBT,Opt.,Comment
CH2OH,CH2OH,4.000000005,-0.2962962962962963,true,
H2O,CH2OH,4.000000005,0.5925925925925926,true,
CH2OH,H2O,4.000000005,0.0,true,
H2O,H2O,4.000000005,-0.024691358024691357,true,
