GroupAcc,GroupDon,wHB,cHBT,Opt.,Comment
CH2OH,CH2OH,4.9458246841028455,-0.3436094336635923,true,
H2O,CH2OH,4.7819077673259525,-0.9145249942265855,true,
CH2OH,H2O,3.631231973027777,0.6061618606136486,true,
H2O,H2O,0.1317864785588207,0.5126436879133526,true,
