Group,charge,Q+,Q-,sigma+,betaVol,HBAcc,HBDonn,Opt.,Excl.
CH2,0,0,0,0,0,0,0,false,false
CH2OH,0,19.260561393479477,30.477758163545182,0.022384797824620026,0,2,1,true,false
H2O,0,23.64066074705933,37.008377582304306,0.013627056105134086,0,2,2,true,false
