Group,SubGroup,MW,Rk,Qk,Disp,DispT,Opt.,Excl.
CH2,CH3,15.035,37.735,138.93594866661226,0.0,0.0,true,false
CH2,CH2,14.027,24.03,21.23,0,0,false,true
CH2,CH,13.019,14.03,15.1875,0,0,false,true
CH2,C,12.011,6.53,-8.73,0,0,false,true
CH2OH,CH2OH,31.034,44.505,57.306544315702084,0.0,0.0,true,false
H2O,H2O,18.015,29.45,66.35397515520296,0.0,0.0,true,false
