GroupAcc,GroupDon,wHB,cHBT,Opt.,Comment
CH2OH,CH2OH,6.066836058276386,0.5707455376003411,true,
H2O,CH2OH,1.0155382561945114,0.568244205742658,true,
CH2OH,H2O,6.1801850894615855,0.10190185140907218,true,
H2O,H2O,6.726196626997949,0.22763045336097332,true,
