Group,SubGroup,MW,Rk,Qk,Disp,DispT,Opt.,Excl.
CH2,CH3,15.035,37.735,144.86450285117638,0.0,0.0,true,false
CH2,CH2,14.027,24.03,21.23,0,0,false,true
CH2,CH,13.019,14.03,15.1875,0,0,false,true
CH2,C,12.011,6.53,-8.73,0,0,false,true
CH2OH,CH2OH,31.034,44.505,43.15441928273805,0.0,0.0,true,false
H2O,H2O,18.015,29.45,73.4529211260092,0.0,0.0,true,false
