GroupAcc,GroupDon,wHB,cHBT,Opt.,Comment
CH2OH,CH2OH,2.4486763782238654,0.5372871434325333,true,
H2O,CH2OH,7.213894433781586,0.24540205436861617,true,
CH2OH,H2O,0.9167533044101872,-0.24082376687870832,true,
H2O,H2O,6.674571238191959,-0.07270700247435657,true,
