GroupAcc,GroupDon,wHB,cHBT,Opt.,Comment
CH2OH,CH2OH,4.000000005,0.0,true,
H2O,CH2OH,4.000000005,0.9382716049382713,true,
CH2OH,H2O,4.000000005,0.0,true,
H2O,H2O,4.000000005,0.005486968449931462,true,
