GroupAcc,GroupDon,wHB,cHBT,Opt.,Comment
CH2OH,CH2OH,5.341505897912944,-0.4174770800306747,true,
H2O,CH2OH,1.5688047904490339,-0.4377168406662348,true,
CH2OH,H2O,2.856119243331266,-0.45231827227053356,true,
H2O,H2O,1.503654969366574,0.6864622035426835,true,
